STATE BANK OF INDIA,Hindustan Aeronautics Ltd,PANACEA BIOTEC LTD.,HINDUSTAN COPPER LTD.,HAVELLS INDIA LTD.,ITC LTD.,BAYER CROPSCIENCE LTD.,BHARAT ELECTRONICS LTD.,BHARAT HEAVY ELECTRICALS LTD.,GREAT EASTERN SHIPPING CO.LTD.,Tata Consumer Products Ltd,MARUTI SUZUKI INDIA LTD.,COAL INDIA LTD.,MRF LTD.,ENGINEERS INDIA LTD.,INFOSYS LTD.,ORACLE FINANCIAL SERVICES SOFTWARE LTD.,Quick Heal Technologies Ltd,STEEL AUTHORITY OF INDIA LTD.,BAJAJ ELECTRICALS LTD.-$,Zee Media Corporation Limited,ATUL AUTO LTD.-$,HINDUSTAN MOTORS LTD.,RUCHI SOYA INDUSTRIES LTD.,BANCO PRODUCTS (INDIA) LTD.-$,JAY SHREE TEA & INDUSTRIES LTD.,IFB AGRO INDUSTRIES LTD.,HINDUJA GLOBAL SOLUTIONS LTD.,ANDHRA CEMENTS LTD.,TILAKNAGAR INDUSTRIES LTD.-$
215.75,1010.95,185.67,38.0,652.9,194.2,6092.35,110.3,39.25,277.6,545.05,7104.35,140.55,59305.95,70.45,946.4,3051.2,134.95,40.7,525.65,6.73,194.25,6.15,672.0,100.15,67.45,336.15,723.85,5.54,17.3
224.85,1010.85,183.45,38.05,639.25,195.55,6020.0,112.05,41.65,271.85,547.1,7098.9,139.0,59611.85,70.75,934.85,3041.1,132.9,40.95,522.05,7.06,189.15,6.14,660.15,96.9,69.65,338.2,712.85,5.37,16.55
212.15,925.85,179.98,36.4,615.7,191.25,5812.65,106.25,38.55,254.2,533.1,6837.9,134.45,57979.65,66.85,928.5,3030.05,126.0,38.55,498.45,7.11,177.45,6.08,629.4,90.2,66.6,318.15,680.95,5.23,15.85
218.1,891.7,181.38,36.7,621.5,190.3,5736.55,108.0,38.55,259.05,548.65,6909.15,133.5,58316.6,65.55,914.3,2973.1,126.0,40.1,479.5,7.0,175.3,5.99,608.0,93.05,66.7,308.3,682.65,5.15,16.25
216.2,894.45,180.8,37.2,630.15,191.45,5911.3,109.05,39.1,258.9,550.05,6921.35,136.3,58617.1,66.05,924.05,2960.7,128.2,41.65,488.25,7.04,177.25,6.22,613.3,93.35,66.9,315.0,690.35,5.24,16.1
213.15,925.15,182.58,37.15,645.25,191.65,5963.1,108.45,40.0,238.5,578.4,7071.6,135.65,58549.05,67.55,935.4,2937.65,128.0,41.85,509.05,7.39,182.65,6.15,621.45,93.25,66.5,313.75,709.25,5.21,15.65
206.65,910.75,179.4,36.35,634.55,186.65,5876.35,106.35,38.65,246.8,565.9,7191.5,132.4,58435.65,67.0,919.25,2981.6,125.1,40.5,489.85,7.75,179.2,5.97,604.85,92.4,65.75,318.55,704.6,5.17,16.0
207.9,891.75,178.44,35.95,648.65,189.3,5803.65,105.6,38.45,257.1,545.0,7210.1,131.95,58351.85,67.15,924.65,2963.55,128.5,40.4,475.35,7.64,179.05,5.92,598.25,90.75,65.3,316.9,724.45,5.1,15.85
204.0,869.7,185.86,35.2,637.7,188.15,5729.0,102.65,37.5,259.95,537.65,7225.65,130.05,58200.2,64.9,940.05,2967.45,128.45,38.65,470.75,7.26,177.05,5.88,581.05,88.9,65.6,325.95,718.1,5.06,15.6
194.9,839.05,185.47,34.55,640.85,183.95,5664.9,101.05,36.55,259.7,534.85,7214.2,126.9,58835.35,64.65,928.3,2925.4,126.8,39.3,451.95,6.9,171.5,5.65,552.0,89.5,61.95,307.45,695.1,4.88,15.4
198.15,864.75,186.68,35.35,643.25,184.95,5669.6,101.65,37.05,259.25,546.6,7230.85,126.65,59110.65,64.7,939.95,2930.0,127.1,38.5,458.4,6.86,177.9,5.92,548.6,90.05,62.55,312.05,699.9,5.09,16.15
202.7,852.4,189.96,37.35,653.9,183.9,5896.6,102.25,37.05,260.45,548.1,7190.15,125.1,59110.05,64.05,945.4,2908.8,132.4,38.9,460.5,6.59,179.5,5.87,540.35,89.0,63.2,319.0,694.7,5.27,16.4
198.55,833.8,185.81,37.2,669.05,183.35,6064.25,107.1,36.3,263.25,546.15,7123.55,125.05,58492.9,69.6,977.95,2988.8,141.05,39.5,498.75,6.59,183.9,5.89,543.2,92.55,63.0,322.8,732.15,5.28,16.35
200.15,841.45,184.8,36.9,671.3,181.8,6085.95,104.8,35.95,263.75,542.1,7051.0,124.1,58419.8,69.6,981.9,3028.2,156.35,39.4,494.95,6.64,183.75,5.86,535.85,93.25,62.7,354.85,737.8,5.2,16.9
198.25,840.85,193.43,36.35,679.95,180.65,6012.3,103.4,35.65,259.95,542.85,7054.35,123.9,59609.5,69.1,1001.05,2991.45,155.6,38.05,511.1,6.37,181.35,5.83,529.85,93.85,61.65,354.45,757.95,5.11,17.3
195.5,830.65,205.96,37.25,682.05,178.55,5943.35,103.5,35.15,256.95,548.25,7085.55,124.3,59517.8,69.55,1010.65,2997.05,153.55,38.15,505.65,6.42,178.6,5.95,521.0,91.2,63.45,348.0,761.3,5.03,17.0
192.6,841.85,199.6,36.5,674.45,179.2,6368.75,103.6,34.65,249.5,540.15,6963.3,123.6,58829.75,68.95,1002.55,2988.35,153.8,37.85,492.8,6.45,178.95,5.7,519.35,90.35,62.3,344.7,739.3,4.96,17.2
185.8,798.75,195.3,35.0,667.65,175.7,6132.55,96.2,34.3,245.0,507.95,6622.35,121.7,58134.25,67.05,1009.3,3044.4,148.5,35.4,473.3,6.16,173.05,5.53,493.85,87.65,61.9,329.55,723.4,4.83,16.95
186.15,775.1,185.55,33.85,665.05,174.15,6000.0,92.35,32.6,249.2,504.25,6434.65,119.6,57754.25,64.45,1007.2,3053.45,146.25,35.5,456.8,5.98,172.2,5.4,470.45,86.65,58.0,328.0,691.4,4.67,16.5
183.8,770.05,187.45,33.9,674.2,172.55,5997.0,93.8,31.5,248.65,494.15,6503.5,121.25,57218.35,65.5,1019.65,3047.75,151.0,34.8,463.9,5.75,169.1,5.23,446.95,87.0,58.25,321.5,709.5,4.86,16.15
176.45,778.15,196.8,32.6,669.2,166.6,5878.1,90.5,29.85,239.5,488.75,6295.85,115.7,55562.5,63.65,975.35,2960.9,146.5,32.8,453.55,5.47,163.85,4.97,424.65,83.6,55.55,315.5,690.55,4.67,15.9
182.2,767.75,193.15,33.85,658.7,170.8,5998.35,93.3,30.1,243.0,509.65,6496.15,117.1,57477.2,64.9,1011.05,2991.0,148.55,34.35,493.95,5.49,166.25,5.15,445.85,87.3,58.4,326.7,701.1,4.77,16.65
187.3,778.25,196.75,34.2,684.55,173.35,5944.9,97.45,31.8,242.9,517.5,6707.0,120.05,59279.9,64.65,1009.5,3030.1,162.1,35.7,487.35,5.37,169.95,5.4,468.1,88.8,60.5,326.5,714.95,4.99,16.8
185.0,783.05,194.15,33.8,666.05,169.35,5868.95,96.0,30.25,239.4,503.1,6738.6,117.65,59466.35,64.6,1010.25,3082.8,162.15,35.55,485.0,5.6,169.35,5.59,491.5,87.5,60.0,329.95,707.65,5.07,16.75
185.4,806.4,184.45,33.25,677.7,171.75,5888.85,95.75,29.3,235.15,499.75,6742.85,116.0,59563.9,64.4,1008.0,3075.0,158.0,33.75,502.55,5.35,169.8,5.48,516.05,89.85,58.9,332.9,691.55,4.85,16.2
190.35,798.95,192.55,33.3,666.1,170.85,5829.5,96.15,29.55,237.3,508.85,6794.05,117.2,60570.15,64.6,1017.7,3043.35,160.15,34.2,494.45,5.26,168.6,5.25,541.85,89.7,59.7,326.35,699.1,4.84,16.1
188.75,820.4,189.55,33.2,669.2,169.3,5802.0,96.15,29.5,236.4,503.35,6816.85,118.4,60498.7,64.6,1048.2,3025.35,171.0,35.1,490.5,5.13,172.75,5.2,568.9,90.35,58.8,331.75,710.75,4.78,16.7
191.6,820.9,196.8,33.55,687.7,169.95,5773.35,95.8,29.35,237.2,505.6,6890.4,116.75,60263.85,63.8,1055.75,3031.8,171.4,34.35,497.35,5.19,175.85,5.2,597.3,91.4,58.5,342.85,720.05,4.75,16.2
190.65,809.9,191.55,33.15,680.65,169.5,5756.7,94.1,28.4,235.15,505.0,7047.75,114.4,60581.4,63.95,1066.55,3009.2,168.0,33.5,493.85,5.1,172.95,5.1,627.15,91.2,58.45,350.05,713.85,4.7,16.05
191.5,798.65,186.85,32.9,687.0,167.2,5749.15,93.55,29.25,231.25,488.4,7082.45,113.3,60207.9,62.9,1094.0,3055.75,168.9,33.85,509.7,5.02,171.45,5.05,595.8,90.25,58.45,347.45,723.35,4.64,17.25
198.25,785.15,188.5,32.95,710.05,167.85,5713.6,92.7,29.1,227.85,471.5,7061.65,114.9,58769.6,63.25,1107.55,3070.7,167.1,33.95,520.75,5.05,171.25,5.0,566.05,92.1,57.9,343.0,722.35,4.63,17.3
198.65,769.15,185.6,32.7,704.05,172.2,5701.25,93.5,28.65,217.35,475.0,7137.55,113.15,58599.05,63.25,1132.3,3047.6,159.6,33.6,509.8,4.82,169.35,4.95,585.4,90.15,56.5,336.75,706.75,4.61,17.35
195.65,755.7,185.1,32.25,702.55,170.2,5707.15,91.4,28.3,215.9,469.05,7031.85,113.9,58607.65,60.8,1158.0,3055.7,167.25,33.1,507.5,4.6,170.05,5.01,557.25,90.1,56.4,330.25,726.95,4.53,17.9
200.05,768.6,182.65,32.1,697.7,167.85,5656.6,91.45,27.95,222.8,489.9,7006.5,110.55,58933.65,63.25,1136.1,3147.55,177.85,32.95,518.5,4.74,164.75,5.04,541.75,89.6,57.5,325.15,724.9,4.47,18.65
192.85,745.85,183.55,31.65,683.5,165.05,5642.45,88.35,27.15,224.4,473.95,6885.2,110.6,58350.6,62.3,1108.0,3197.65,170.35,32.8,499.8,4.79,162.25,4.99,522.75,88.85,56.8,325.0,701.45,4.34,17.7
195.8,744.9,180.95,32.0,697.7,165.75,5620.3,91.0,27.2,235.15,476.9,6897.05,111.55,58100.8,61.85,1127.6,3277.15,174.1,33.95,513.15,4.63,160.5,4.99,525.75,89.95,56.5,329.0,690.95,4.28,18.15
204.05,741.6,184.55,32.8,706.4,168.3,5524.5,90.1,28.7,233.8,476.0,6851.6,114.75,60001.0,64.3,1125.55,3301.65,171.0,34.75,517.0,4.46,162.15,5.01,527.05,89.75,56.25,334.2,703.4,4.3,17.95
203.0,717.4,181.05,36.4,709.0,167.5,5492.6,89.9,28.65,223.85,478.1,6849.0,113.55,59942.6,64.4,1137.05,3260.25,172.05,34.55,511.15,4.33,161.9,5.0,523.95,89.5,57.1,335.0,697.35,4.28,18.4
203.85,698.5,181.75,35.2,711.8,167.65,5394.5,92.35,28.5,219.1,465.2,6864.9,115.1,61010.15,65.3,1148.3,3239.4,168.8,35.4,513.15,4.47,162.65,5.03,516.05,88.85,57.45,328.2,690.2,4.34,18.25
203.3,725.05,180.85,34.0,724.1,168.55,5249.85,93.3,28.8,229.4,466.15,6806.25,115.9,62259.85,68.45,1130.15,3372.55,169.95,36.05,501.1,4.69,161.85,4.96,517.4,90.25,57.5,330.3,683.65,4.77,18.0
202.75,717.8,180.2,34.7,725.7,170.7,5387.65,92.55,29.1,224.55,472.5,7108.45,117.75,63601.7,67.4,1122.0,3309.5,168.35,36.55,513.75,4.92,160.8,5.07,543.25,93.15,58.75,336.35,691.3,5.24,17.9
196.75,700.85,179.15,34.7,720.8,168.55,5379.65,89.95,29.45,227.5,476.8,7054.45,114.5,63280.7,65.7,1112.1,3253.65,164.55,35.2,503.6,5.04,158.95,5.09,528.5,95.6,59.2,343.85,673.3,5.2,17.9
194.6,700.25,179.5,34.65,725.9,167.2,5263.25,89.75,29.6,232.15,499.2,7158.6,113.65,68575.15,66.25,1092.15,3215.5,166.3,34.1,498.1,4.89,157.9,5.01,524.1,94.15,58.4,336.5,669.45,5.21,17.85
190.5,700.55,177.2,33.65,728.25,165.55,5353.45,88.25,28.65,228.4,492.85,7182.45,112.65,66760.85,64.85,1076.6,3177.55,164.95,34.4,488.15,4.81,157.0,5.0,518.25,91.7,60.45,336.85,662.2,5.02,17.65
188.8,694.8,174.9,33.0,725.05,163.85,5365.8,86.7,27.85,226.6,491.15,7114.0,110.85,67215.4,64.25,1074.8,3103.3,160.45,33.65,491.35,4.85,155.8,4.96,512.95,90.7,61.95,341.05,657.25,4.85,17.05
189.25,687.7,174.1,33.0,728.8,165.25,5443.45,87.05,28.0,225.15,493.3,6956.2,114.2,65256.5,64.95,1060.6,3143.95,161.05,34.35,488.0,4.76,157.1,5.04,511.85,89.9,60.9,327.6,665.45,4.8,17.15
196.0,674.85,171.25,32.5,782.15,166.7,5370.2,88.65,27.85,220.35,493.35,6863.35,115.65,66185.05,64.15,1072.0,3143.9,158.45,34.05,486.5,4.75,155.85,4.92,510.15,89.55,59.55,338.45,663.95,4.99,17.25
204.75,672.8,171.9,33.1,783.55,170.1,5381.15,89.45,27.95,218.0,489.55,6915.15,116.5,67705.95,64.15,1061.95,3098.0,160.15,34.65,483.4,4.75,153.95,4.99,516.05,89.0,59.35,338.1,674.95,4.79,17.5
207.05,661.05,172.4,33.05,807.25,169.7,5366.4,88.9,27.2,219.55,492.7,6952.2,114.75,68453.05,64.25,1094.0,3079.2,161.9,34.75,486.6,4.63,153.0,4.86,516.65,90.1,58.85,337.5,672.2,4.84,16.5
218.7,700.6,173.8,34.45,817.9,174.8,5548.15,92.9,28.35,227.25,506.35,7093.35,119.95,68525.95,64.8,1103.9,3066.7,163.95,38.25,503.55,4.71,159.25,4.94,519.9,91.35,63.35,336.3,700.35,4.89,16.55
219.05,702.1,176.6,34.25,818.65,173.95,5573.4,92.4,27.95,223.2,504.3,6905.6,121.8,68514.05,67.3,1113.4,3073.95,166.8,38.0,499.2,4.91,159.3,4.94,520.2,91.55,62.25,357.7,715.6,4.84,17.25
219.5,718.35,177.1,34.9,823.75,172.8,5632.45,92.9,28.2,223.45,509.95,6869.8,121.75,69934.1,67.1,1136.2,3096.45,157.85,37.9,495.8,4.99,156.8,4.95,525.85,92.95,64.55,369.9,718.4,4.98,16.95
231.7,724.1,178.55,35.2,841.4,178.35,5285.2,95.4,28.2,226.85,498.4,6791.0,124.75,69379.7,70.3,1090.95,3069.9,150.6,37.95,491.6,4.98,158.4,4.95,519.4,92.05,64.65,352.35,738.65,4.95,17.0
234.2,731.6,180.7,34.55,814.5,185.25,5212.85,95.7,27.95,228.8,503.35,6855.5,125.9,68574.95,70.3,1122.6,3077.65,153.8,39.65,518.05,4.91,156.05,5.0,545.35,92.45,61.6,353.8,747.75,4.86,17.05
226.8,755.35,188.15,35.05,811.35,187.9,5105.05,94.2,28.1,236.15,508.5,6837.3,122.2,69379.55,70.7,1117.75,3088.75,154.65,39.5,548.7,4.94,157.65,5.0,537.45,93.55,61.7,345.05,761.9,4.91,17.2
229.55,759.9,185.75,34.45,827.35,187.05,5098.2,96.65,28.0,240.5,513.25,6808.95,125.9,71960.05,70.7,1123.9,3083.2,153.4,39.15,540.45,4.94,158.45,4.99,533.05,106.75,63.0,345.4,773.65,4.88,17.2
229.65,776.3,189.3,34.65,827.45,188.65,5206.15,96.65,28.3,240.05,516.3,6853.65,127.1,71841.45,71.15,1133.45,3111.8,156.15,39.6,541.1,4.98,160.15,5.0,535.05,113.25,64.1,348.15,818.45,5.0,17.5
240.2,779.9,189.55,36.7,844.2,187.3,5091.85,96.15,28.25,247.95,518.25,6981.5,128.7,74201.4,70.75,1123.85,3068.55,153.75,40.3,560.65,4.88,168.4,4.98,561.8,112.7,63.95,351.25,865.9,4.92,17.75
252.05,767.6,191.95,38.05,838.65,184.05,5049.9,96.65,28.5,250.0,516.65,7055.3,128.25,75041.3,70.7,1110.6,3080.5,152.85,40.1,570.6,4.71,175.8,4.96,589.85,114.2,66.8,351.85,870.65,4.92,18.1
239.75,774.3,191.0,37.1,826.95,187.85,4996.5,103.1,29.15,247.55,515.35,6961.35,122.05,76893.1,70.85,1096.45,3052.2,150.75,39.9,559.25,4.74,168.85,5.02,619.3,118.1,66.25,358.25,865.2,4.89,17.75
242.8,772.0,197.25,36.9,825.0,191.6,5001.85,108.2,29.2,247.35,519.1,6967.1,121.45,79105.95,70.65,1103.05,3034.15,151.7,41.1,567.75,4.85,170.05,5.02,650.25,118.75,70.25,357.8,874.2,4.86,17.5
238.7,771.75,200.2,36.7,823.35,190.8,5127.55,105.8,31.35,252.2,521.25,6986.65,122.7,79956.75,73.35,1140.25,3027.3,154.8,43.2,552.55,4.84,169.55,5.07,682.75,120.45,71.5,392.95,892.3,4.83,17.35
243.85,791.95,198.5,38.65,821.35,195.45,5347.1,107.75,31.3,253.1,526.75,7157.95,123.25,79817.4,73.7,1139.15,3019.15,154.35,43.45,564.0,4.85,169.95,5.57,716.85,131.25,69.5,471.5,900.0,4.85,17.2
243.15,808.5,195.1,39.35,815.45,193.7,5195.2,106.85,30.65,248.25,514.3,7054.7,124.0,76220.7,72.95,1116.2,3022.75,152.05,43.05,555.75,4.85,167.3,5.7,752.65,125.1,66.8,489.9,899.95,4.82,17.15
245.45,810.35,198.3,40.0,803.5,194.8,5148.65,108.9,31.45,250.2,519.75,6993.25,125.0,75982.1,73.0,1113.65,3015.3,154.05,46.55,548.35,4.85,168.75,5.38,744.3,128.9,69.6,472.5,900.7,4.86,17.25
244.3,818.85,200.85,41.45,802.0,193.7,5034.4,111.15,32.85,256.0,539.0,7026.7,125.6,77939.95,74.15,1100.55,3041.35,155.45,48.45,572.7,4.87,170.75,5.5,711.4,128.85,70.15,495.0,902.75,4.84,17.4
248.05,829.45,205.9,41.05,823.15,194.45,5034.85,111.7,34.05,261.15,528.9,7099.1,126.35,79599.2,74.8,1137.25,3016.4,158.65,49.95,590.15,4.9,173.55,5.69,739.0,130.45,69.75,498.5,912.4,5.01,17.8
246.8,827.05,245.7,43.55,835.95,195.9,5060.8,113.45,33.8,262.8,539.45,7203.35,129.65,79752.75,74.4,1141.05,3016.15,158.4,51.75,582.05,4.84,174.0,5.68,729.6,134.05,69.6,487.75,912.3,5.51,18.35
256.35,847.95,233.75,43.5,832.45,196.25,5116.1,115.0,34.15,263.8,550.2,7740.15,133.4,78805.5,75.25,1126.55,3050.0,160.1,54.3,594.0,4.88,176.4,6.14,716.45,134.65,69.3,485.3,913.3,6.06,19.5
263.45,842.6,214.05,44.5,828.95,198.15,5149.85,115.6,34.25,285.1,563.8,7801.95,133.3,78706.5,76.2,1134.65,3046.0,161.1,54.95,608.6,5.12,173.65,6.26,695.15,133.6,69.25,481.05,914.0,6.36,21.45
269.7,866.3,225.3,45.0,825.0,203.1,5259.3,114.95,34.95,283.45,567.6,7740.15,136.8,79504.55,77.2,1144.05,3049.05,162.2,55.05,621.25,5.56,177.2,6.45,683.55,132.55,70.2,496.25,915.95,6.67,24.2
271.95,864.8,228.1,43.2,820.5,202.45,5267.6,113.1,36.2,277.2,562.6,7762.25,134.2,79107.3,77.55,1153.85,3116.45,161.65,55.75,619.65,5.68,185.85,6.4,683.95,127.9,76.55,478.1,917.3,6.38,22.8
270.35,878.05,231.75,46.55,823.75,205.35,5254.05,116.85,36.55,283.3,564.8,7707.75,134.75,78328.6,78.1,1175.15,3158.55,160.45,54.7,624.9,5.87,196.55,6.24,686.0,138.3,78.45,490.65,953.7,6.07,23.55
269.6,865.95,243.9,44.65,827.3,212.7,5197.95,114.35,35.7,294.25,580.25,7734.3,134.85,77536.25,75.9,1167.5,3135.3,157.85,55.75,618.55,6.06,190.95,6.03,671.7,136.35,77.25,481.95,981.7,5.8,22.8
272.45,857.15,245.5,44.35,827.65,216.2,5250.15,114.65,35.95,284.25,576.2,7732.25,138.25,77866.6,75.45,1163.05,3133.35,157.15,57.75,601.3,6.05,190.15,6.6,667.4,142.6,73.85,484.55,1126.85,6.09,23.05
274.25,872.85,239.25,53.1,826.7,215.9,5257.35,118.55,36.85,285.15,576.9,7693.6,143.4,77534.65,78.9,1164.55,3127.95,162.3,58.55,597.6,6.57,190.55,6.86,700.35,146.85,72.95,581.45,1207.15,6.39,23.75
270.6,871.3,238.2,51.35,864.6,213.4,5195.75,118.2,36.35,286.05,571.6,7767.75,143.1,77261.0,78.25,1154.4,3135.85,159.75,58.25,593.75,7.18,191.7,7.09,714.75,145.65,71.8,589.1,1240.35,6.57,23.3
269.45,880.15,237.1,58.2,901.65,214.35,5344.8,118.05,36.3,286.35,583.4,7800.8,145.45,78510.05,78.3,1165.75,3116.7,160.15,60.15,608.3,6.83,191.1,7.41,708.0,143.0,72.6,566.55,1188.0,6.45,22.75
267.6,866.95,235.45,63.3,910.75,213.0,5364.5,120.3,35.85,281.8,577.15,7686.2,143.45,77320.15,76.8,1159.1,3133.75,161.6,57.6,607.75,6.49,186.6,7.12,701.85,140.8,72.65,557.6,1089.8,6.25,22.0
271.4,864.1,229.1,63.85,918.8,214.5,5279.15,121.2,35.85,268.1,572.4,7559.8,141.7,77619.85,77.1,1189.75,3167.45,159.2,57.8,632.75,6.5,182.65,7.25,697.45,136.3,71.65,547.85,1074.2,6.11,22.05
254.6,800.1,209.4,57.5,880.8,202.95,5190.9,111.95,32.6,249.85,562.2,7364.0,132.95,75258.6,72.65,1176.3,3101.75,149.7,55.45,601.25,6.18,173.45,7.42,679.35,124.85,66.85,485.75,999.5,5.81,22.0
257.55,795.2,223.25,58.3,879.65,203.35,5115.1,112.2,32.65,251.5,575.75,7394.5,135.5,76167.1,76.05,1220.75,3120.45,153.55,57.2,611.75,5.88,178.8,7.54,660.45,130.1,68.2,488.9,1059.9,5.89,21.6
263.05,804.8,229.95,61.25,893.15,207.7,5346.0,115.4,33.95,258.1,605.35,7448.9,135.0,75819.8,76.9,1252.95,3143.2,159.6,59.05,611.8,6.17,181.0,7.7,688.1,136.4,70.05,484.85,1125.15,5.96,24.95
266.75,822.6,231.2,60.4,895.3,208.6,5494.55,114.85,33.8,257.6,601.2,7447.05,136.2,75932.7,76.9,1236.35,3221.0,158.7,60.3,610.95,6.28,180.85,7.78,684.0,135.2,69.3,467.85,1104.8,6.05,27.1
275.15,822.0,230.9,60.45,903.95,209.5,5532.85,114.6,35.2,262.8,602.65,7480.3,137.55,75406.6,78.0,1240.1,3184.2,161.15,63.95,610.8,6.13,183.0,7.85,683.1,145.65,72.5,473.0,1145.2,6.0,28.75
277.9,835.95,230.05,62.65,908.5,211.55,5469.1,114.65,35.35,262.3,598.85,7453.95,135.15,75632.9,78.25,1250.15,3213.5,176.45,64.5,611.4,6.0,180.15,7.54,678.5,144.05,71.1,480.55,1165.3,5.94,30.9
276.85,830.9,244.85,62.3,904.65,211.1,5485.7,114.4,35.4,264.1,594.3,7611.15,135.6,77018.65,78.95,1246.2,3226.75,175.05,69.65,613.2,5.92,179.05,7.68,673.1,147.75,70.6,478.7,1132.8,6.16,30.3
274.75,846.4,239.35,61.15,915.8,209.0,5433.95,120.0,35.9,263.4,589.65,7649.7,135.5,75712.4,78.3,1255.85,3209.45,172.4,74.1,610.35,5.85,184.35,7.6,674.75,147.45,70.5,478.9,1128.9,6.03,30.0
279.35,856.6,238.5,62.05,910.0,213.85,5437.45,126.4,38.7,270.7,601.35,7691.6,135.3,76038.35,78.9,1260.4,3241.3,172.8,74.55,610.45,6.07,183.9,7.64,672.85,146.35,70.75,479.85,1165.65,6.33,28.9
281.05,887.05,239.0,62.35,920.0,213.4,5565.65,131.5,40.65,279.2,603.85,7699.5,137.25,78416.2,79.2,1288.55,3371.5,172.45,79.3,611.9,5.98,185.55,7.54,668.5,146.65,71.8,475.4,1164.0,6.48,29.55
281.75,921.15,235.05,61.75,935.9,211.5,5510.4,131.45,40.1,281.4,609.55,7651.3,135.2,79027.25,77.9,1293.5,3448.15,171.8,77.95,621.35,5.89,184.75,7.44,681.25,142.0,72.5,468.75,1144.0,6.35,29.15
284.9,943.7,231.25,62.0,946.0,205.45,5694.85,133.1,39.4,278.65,604.8,7633.35,135.1,78783.4,77.5,1281.6,3365.6,171.3,76.25,632.55,5.77,185.95,7.82,675.7,142.75,71.4,459.25,1172.25,6.15,28.55
287.75,931.0,239.75,66.7,971.65,202.75,5721.55,131.7,39.3,278.0,601.1,7566.75,136.5,77364.9,78.8,1261.95,3325.95,171.25,78.0,636.4,5.8,185.85,9.04,670.4,142.5,74.55,457.95,1160.6,6.45,30.7
286.0,912.3,233.4,67.55,1007.8,201.55,5794.75,132.05,39.35,278.0,609.55,8015.95,139.65,80656.6,80.1,1311.8,3343.8,172.05,77.05,667.25,5.74,184.75,9.46,665.9,142.6,72.45,484.2,1171.05,6.58,29.6
282.35,907.95,227.85,64.25,1013.5,202.45,5750.05,134.6,39.0,280.45,628.95,8236.05,141.7,82508.15,79.2,1376.1,3352.1,169.0,74.75,704.8,5.5,187.35,8.99,667.7,139.8,71.25,468.2,1164.0,6.29,29.0
292.65,901.35,225.05,64.75,1019.5,206.4,5650.95,134.45,39.4,280.85,624.15,8183.8,146.65,85742.25,79.15,1371.85,3461.95,168.55,75.9,712.85,5.56,193.05,8.55,659.35,140.15,71.15,472.8,1159.75,6.28,29.05
306.7,920.9,221.3,65.7,1012.4,211.25,5719.45,133.85,40.75,279.6,619.75,8137.4,145.75,85631.3,79.8,1387.7,3476.55,168.0,74.7,819.0,5.6,188.9,8.13,651.55,139.2,70.65,466.15,1197.5,6.16,28.65
307.2,1009.0,222.75,65.45,1003.15,214.1,5694.7,139.2,40.2,279.35,613.8,8147.75,146.6,88789.0,79.8,1370.6,3440.65,172.95,67.25,761.35,5.61,190.65,7.8,650.2,140.95,70.2,467.45,1219.1,6.21,28.3
303.8,965.7,221.4,63.7,981.45,217.9,5659.9,133.4,39.4,276.05,602.45,8021.2,143.25,87563.1,77.8,1345.1,3380.1,169.05,70.2,741.65,5.57,186.3,7.89,644.15,138.55,69.35,463.2,1163.75,6.11,28.5
294.1,962.15,209.6,59.95,985.65,219.55,5672.55,133.6,38.05,269.05,584.15,7814.4,138.45,85829.65,76.7,1311.65,3294.55,163.35,66.0,713.95,5.37,183.55,7.5,626.0,136.0,66.8,431.5,1149.25,5.99,28.0
298.6,969.85,212.65,62.9,1020.0,218.9,5753.55,137.0,39.75,270.05,582.8,7924.6,140.1,87293.4,78.45,1317.05,3364.05,167.2,66.25,752.15,5.4,185.1,7.13,632.8,138.0,69.15,434.75,1183.6,6.09,28.25
302.55,969.8,210.5,61.7,1019.85,217.6,5733.05,135.5,40.5,270.8,596.8,8142.55,141.45,92923.0,77.55,1339.45,3344.45,170.7,66.75,737.7,5.37,184.9,6.78,627.95,137.4,69.5,435.05,1160.25,6.05,28.0
294.95,969.2,206.7,60.05,1132.2,213.65,5670.0,133.75,38.75,266.35,595.35,8073.0,137.5,91689.35,75.85,1339.25,3348.3,165.55,64.95,773.4,5.38,183.05,6.45,622.35,144.85,68.25,432.9,1135.75,5.95,27.7
283.75,947.8,198.0,57.25,1122.1,210.65,5634.7,132.3,37.65,258.25,584.45,8045.1,133.25,92312.45,73.7,1340.45,3314.15,166.65,58.2,760.9,5.23,183.5,6.13,616.05,141.65,67.15,421.65,1086.1,5.72,27.9
280.9,944.95,197.4,54.75,1122.9,207.9,5577.15,130.7,36.25,257.6,573.5,7982.95,131.75,89622.05,73.75,1322.6,3322.15,162.85,58.25,741.65,5.38,181.1,5.83,603.15,136.7,67.85,416.9,1085.9,5.6,26.0
275.6,916.25,196.45,58.6,1116.0,210.7,5531.05,132.3,35.7,253.65,572.9,7866.05,129.15,88493.95,73.9,1301.75,3257.2,163.25,57.25,728.15,5.25,178.6,6.12,586.95,137.45,66.95,469.55,1098.3,5.41,27.5
282.4,922.2,196.1,56.4,1182.9,206.5,5393.1,131.25,36.6,251.65,564.75,7586.25,128.3,87547.35,74.85,1276.3,3271.55,160.55,57.1,721.3,5.26,176.75,5.85,592.55,136.65,68.8,483.6,1100.2,5.22,27.65
282.05,927.4,193.3,59.95,1044.45,203.25,5380.3,130.3,36.05,260.75,560.25,7207.95,126.05,84293.55,72.8,1239.65,3218.45,158.2,57.6,722.5,5.39,177.6,6.14,602.3,136.25,66.4,467.8,1101.7,5.36,28.2
311.1,908.8,192.85,64.2,1061.2,215.95,5381.3,133.55,38.2,267.4,584.45,7399.95,129.1,88200.8,72.85,1261.45,3254.95,162.65,63.6,739.2,5.4,180.55,6.44,606.15,142.2,67.7,448.25,1100.9,5.62,28.25
333.2,933.35,191.25,64.3,1128.9,218.2,5215.4,133.5,38.9,262.8,575.55,7655.6,131.2,90790.0,73.85,1270.8,3286.15,165.25,61.0,733.6,5.28,183.1,6.55,636.45,141.85,67.9,451.65,1196.9,5.9,27.8
335.85,964.8,217.05,62.9,1112.2,216.75,5197.5,139.05,39.7,258.75,579.7,7587.55,137.25,90030.2,73.8,1286.1,3304.5,167.85,63.55,737.1,5.39,185.3,6.4,668.25,150.8,67.95,464.75,1160.65,5.99,28.25
355.1,976.15,220.8,69.15,1134.7,230.0,5407.85,140.9,42.2,261.75,588.0,7639.9,143.55,92242.7,74.6,1279.7,3303.25,158.0,64.45,767.9,5.38,182.8,6.26,701.65,154.5,67.95,458.3,1228.8,5.89,28.3
393.05,1013.0,211.2,70.95,1110.05,234.25,5494.2,140.15,43.55,261.25,592.65,7494.5,140.9,90698.7,74.45,1272.3,3292.0,155.6,64.95,921.45,5.12,180.8,5.95,695.45,157.4,66.25,449.95,1237.5,5.77,27.55
396.85,1033.7,206.05,76.55,1126.45,233.1,5529.8,140.75,39.8,255.95,597.05,7574.2,141.5,90810.1,77.6,1304.35,3242.1,155.15,67.65,1022.75,5.37,186.0,6.24,688.8,161.65,68.4,447.7,1265.55,5.63,27.1
394.7,1014.85,207.65,74.55,1138.95,229.0,5534.4,137.9,38.8,257.65,598.8,7626.9,139.3,93751.25,77.0,1305.0,3228.05,155.7,66.65,1049.85,5.42,185.1,6.55,704.75,170.45,68.7,443.5,1167.45,5.46,27.7
392.05,1007.5,211.05,73.9,1139.15,227.65,5504.2,140.0,38.25,257.6,600.65,7623.8,138.3,97008.0,76.1,1296.1,3199.15,153.2,66.65,1021.55,5.31,187.0,6.79,711.85,170.8,67.95,436.55,1175.95,5.36,26.85
390.15,994.15,214.55,74.1,1155.1,226.45,5536.95,135.35,38.75,255.6,610.4,7667.5,137.0,90076.8,75.35,1292.0,3218.85,154.45,66.9,1055.7,5.29,186.15,6.9,705.45,157.6,70.15,435.25,1166.2,5.62,27.05
393.2,1025.85,217.5,72.7,1141.55,217.45,5186.4,136.25,38.8,257.05,607.5,7567.9,133.85,91213.15,74.85,1309.6,3194.95,156.55,64.8,1069.25,5.55,181.4,6.71,698.9,157.1,72.3,440.1,1151.15,5.9,27.5
407.05,1035.4,206.2,75.3,1172.65,218.65,5131.85,136.05,38.95,257.25,623.3,7596.25,132.3,90443.0,74.0,1309.7,3170.1,154.3,62.65,1069.75,5.62,179.55,6.8,687.2,157.75,68.4,440.05,1141.15,5.76,27.4
402.3,1017.05,208.45,76.4,1216.15,218.25,5244.45,133.1,39.85,257.75,628.3,7691.85,133.75,89506.4,71.4,1290.1,3135.5,153.15,64.75,1053.9,5.61,179.6,7.14,670.55,153.3,66.4,437.75,1139.4,5.71,27.95
411.9,1039.85,206.0,78.55,1194.45,217.65,5148.25,139.1,40.1,267.2,632.15,7503.05,135.25,88811.55,71.15,1282.0,3087.0,156.35,64.6,1017.05,5.64,183.3,7.49,663.5,152.5,66.55,435.5,1142.0,5.59,27.8
415.0,1053.15,204.05,88.3,1165.45,218.9,5198.95,141.55,43.05,273.9,623.5,7495.9,139.95,88908.35,74.6,1292.35,3069.4,154.2,66.95,1002.7,5.77,183.95,7.86,659.9,153.5,66.7,438.25,1194.05,5.63,30.0
399.35,1060.8,199.15,85.9,1138.5,215.95,5194.55,135.2,40.4,267.05,617.2,7328.95,139.3,88100.45,73.65,1291.35,3050.65,154.9,65.25,1002.0,5.91,183.45,7.83,692.85,152.05,66.75,432.65,1201.75,5.52,29.75
389.55,1054.6,198.3,98.35,1128.0,207.1,5107.05,130.35,39.7,269.55,616.7,7087.15,136.15,86995.05,72.2,1264.7,2975.55,150.9,67.05,923.95,6.09,179.55,7.45,727.45,149.5,66.85,432.0,1193.15,5.47,28.6
395.65,1030.0,200.95,116.4,1124.95,208.5,5059.1,134.15,40.75,280.5,627.15,6969.45,136.9,87516.9,72.15,1266.25,3011.1,152.9,70.55,966.65,6.32,181.2,7.1,763.8,149.85,67.7,431.95,1167.9,5.63,28.55
406.15,1059.55,202.9,128.0,1145.2,208.8,5097.55,136.35,42.95,283.35,627.75,6941.2,144.45,87714.35,73.0,1274.1,3042.0,152.7,71.6,964.9,6.17,182.45,6.96,745.9,149.95,67.8,442.7,1169.9,5.6,28.5
407.25,1095.9,201.45,140.8,1175.35,209.15,5144.15,141.65,47.2,308.55,628.55,6927.1,156.35,87673.15,75.4,1274.75,3018.1,155.85,73.2,993.25,6.02,184.4,7.3,753.45,152.5,68.6,422.75,1174.9,5.57,28.55
390.2,1087.4,197.75,149.8,1107.2,204.05,5143.3,137.2,47.65,312.05,608.65,6872.65,152.15,84470.3,80.1,1252.35,3045.45,152.6,76.5,957.7,5.94,190.65,7.66,734.15,154.35,68.4,420.15,1142.75,5.6,27.9
395.0,1085.0,195.5,157.25,1112.2,206.9,5078.15,145.9,48.8,307.5,623.35,7017.0,154.3,89077.7,86.25,1268.7,3154.55,152.8,78.4,989.15,6.23,206.6,7.53,733.1,154.2,71.55,424.0,1147.6,5.61,28.3
393.95,1106.55,201.65,150.5,1144.3,209.8,5077.75,151.45,51.75,334.55,631.4,7215.25,153.4,89729.5,87.05,1304.05,3193.65,156.85,78.85,999.0,6.54,206.65,7.49,724.8,156.8,74.1,426.05,1153.25,5.53,28.0
405.05,1112.8,200.05,143.0,1164.55,209.9,5154.7,152.95,51.0,326.75,636.85,7124.3,154.85,89077.45,88.9,1343.6,3227.6,156.4,78.45,1034.15,6.84,204.5,7.36,745.2,155.35,73.75,433.35,1146.05,5.64,28.2
395.8,1097.9,201.95,135.85,1171.85,209.7,5186.95,152.8,54.25,322.6,630.85,7133.45,152.1,89750.2,86.15,1330.3,3246.3,172.25,76.45,1059.4,7.18,205.05,7.56,736.9,154.7,75.0,428.55,1175.05,5.83,29.5
383.8,1054.55,196.45,142.2,1116.95,208.75,5139.95,146.9,52.5,307.6,622.5,7247.8,151.0,88625.3,83.9,1316.0,3204.45,179.45,72.15,1033.45,6.86,197.9,7.3,720.9,152.55,74.65,425.95,1175.15,5.75,28.0
389.55,1064.9,195.35,140.65,1115.4,208.05,5168.7,145.1,54.4,311.2,615.65,7260.0,153.2,87604.7,84.85,1336.3,3219.2,185.35,74.4,1009.05,6.9,203.25,7.31,729.1,153.1,75.85,424.7,1209.75,5.71,30.75
387.5,1064.55,194.4,137.7,1100.1,207.75,5157.8,139.95,54.85,311.6,612.2,7301.4,151.75,89042.25,82.95,1345.7,3221.9,183.1,71.25,1009.35,6.73,199.95,7.16,725.75,153.55,76.2,427.85,1200.3,5.59,30.35
387.5,1069.4,193.55,134.95,1120.55,206.45,5147.2,139.75,54.85,315.15,620.85,7274.55,150.95,88692.95,83.05,1368.1,3199.55,204.1,73.0,1014.3,6.89,195.95,7.19,720.0,153.4,74.25,430.25,1198.4,5.54,29.8
381.2,1060.6,191.3,133.5,1103.7,205.25,5187.6,140.0,53.45,319.0,615.15,7099.85,150.55,88830.3,82.75,1374.6,3191.8,199.35,73.0,1023.05,6.84,193.4,7.13,715.1,151.65,74.7,419.5,1179.4,5.81,30.4
383.7,1016.2,184.8,134.35,1099.95,205.45,5113.85,137.15,55.25,324.2,607.7,7087.05,146.85,87572.05,82.15,1373.1,3147.3,194.7,76.65,1000.85,7.18,190.65,6.89,705.5,160.4,74.35,414.15,1174.35,6.1,29.85
378.45,1071.5,186.2,131.85,1088.35,208.05,5084.4,137.75,53.9,333.8,611.0,7155.1,145.6,86828.85,80.8,1384.25,3258.65,194.8,75.05,990.3,7.0,191.35,6.78,702.1,158.2,74.1,414.25,1205.9,6.4,30.0
368.05,1044.4,185.65,125.3,1061.15,210.55,5143.2,133.9,50.1,318.7,602.7,7063.15,139.9,85541.6,77.6,1387.2,3212.65,190.8,72.25,949.75,6.65,184.4,7.02,690.85,156.45,72.6,405.65,1189.6,6.08,28.55
366.6,1031.0,177.55,119.85,1023.95,217.4,5064.4,129.85,52.1,316.15,595.3,7114.15,137.05,83187.35,76.25,1336.25,3124.4,183.7,70.75,937.4,6.37,183.5,6.76,675.1,145.65,68.75,388.0,1202.05,5.78,28.35
371.1,1031.7,187.65,125.8,1044.2,223.1,5096.25,127.95,52.0,301.25,600.55,7111.95,136.55,84550.25,73.9,1345.35,3207.4,187.3,73.4,922.6,6.46,183.4,6.85,663.95,143.3,70.55,381.6,1208.75,5.84,28.7
367.05,1038.25,189.85,124.25,1034.5,226.0,5094.9,127.95,52.2,305.2,619.65,7103.2,135.65,83770.55,75.25,1370.5,3218.7,187.7,73.35,933.15,6.36,183.6,6.69,675.7,146.8,69.45,388.8,1370.0,5.9,28.6
372.5,1020.7,188.1,130.05,1041.65,222.15,5090.2,126.65,51.75,319.3,633.95,7185.25,135.25,84618.85,76.95,1371.2,3204.6,186.95,72.25,953.8,6.45,188.2,6.68,675.85,146.25,68.75,392.95,1462.65,5.73,30.1
359.9,1002.35,182.2,123.8,1029.7,216.05,5056.3,122.2,49.8,310.05,629.7,7067.3,132.25,82262.45,75.7,1353.8,3189.1,184.6,70.3,942.15,6.22,182.45,6.71,666.55,143.15,68.0,384.4,1463.75,5.65,32.25
355.15,983.4,177.25,122.35,1026.85,211.25,4977.6,119.0,48.2,315.1,615.2,6786.15,128.05,81713.45,74.15,1333.75,3145.8,184.9,72.2,930.3,6.03,179.25,6.41,652.8,140.15,67.05,372.7,1478.8,5.5,30.9
357.1,987.0,180.2,123.05,1050.3,210.9,4996.25,122.45,48.7,306.7,627.75,6785.25,129.55,82031.75,73.7,1336.3,3130.5,185.8,76.7,950.15,6.07,180.6,6.31,647.15,142.6,66.5,397.25,1461.6,5.48,29.85
361.1,1000.0,179.6,121.55,1048.95,214.6,5173.3,125.5,48.95,315.6,629.5,6852.6,132.4,83219.0,76.85,1385.55,3438.25,187.15,79.15,992.4,6.3,178.5,6.3,642.55,141.3,67.25,387.9,1743.25,5.41,29.9
364.35,994.85,177.4,119.5,1049.9,218.5,5305.5,125.1,48.75,312.35,638.5,6859.75,130.4,82218.7,77.05,1367.75,3199.0,186.6,78.85,977.4,6.38,179.0,6.42,641.35,140.6,66.2,403.5,1720.25,5.4,29.45
370.55,1034.25,190.3,125.45,1058.7,220.05,5304.75,126.1,50.95,316.05,650.3,6922.6,132.25,83172.2,78.3,1385.3,3206.1,189.1,83.8,990.45,6.49,180.6,6.74,673.4,147.75,68.2,402.65,1795.35,5.61,30.85
353.65,999.85,184.05,131.7,1028.6,212.6,5250.15,131.4,48.95,302.05,644.6,6768.35,129.8,81536.45,75.8,1410.15,3199.1,186.95,89.65,981.1,6.36,178.25,6.8,707.05,143.6,66.05,405.05,1769.25,5.49,35.45
350.55,1000.05,220.85,138.25,1052.1,212.6,5244.4,130.7,49.35,299.55,674.15,6751.95,130.35,82230.65,76.0,1411.15,3292.45,192.9,91.05,1007.6,6.43,178.85,6.59,711.2,141.45,68.95,401.75,1792.1,5.48,36.25
358.45,1005.35,227.05,145.15,1058.1,213.8,5197.25,131.35,50.0,301.0,665.15,6864.9,131.25,83701.0,76.35,1430.25,3319.75,199.7,89.8,1019.8,6.4,178.0,6.64,700.35,141.75,70.4,399.4,1811.75,5.49,38.05
355.6,1010.65,233.95,142.75,1059.8,213.15,5312.35,129.95,51.6,308.2,670.0,6826.55,131.65,83107.75,76.35,1439.8,3497.2,194.35,95.65,1039.3,6.45,179.95,6.7,702.95,143.25,70.8,411.25,1810.75,5.79,37.9
353.05,1001.2,233.45,143.65,1061.7,213.05,5224.5,129.85,51.5,306.35,679.3,6830.05,129.55,81884.1,75.9,1440.75,3513.05,193.45,94.2,1063.1,6.33,177.0,6.76,698.3,146.2,70.55,423.3,1841.7,6.2,36.9
328.8,954.4,258.65,131.3,994.0,205.35,5107.45,121.9,45.05,284.05,656.4,6518.65,124.65,79354.6,71.45,1425.8,3339.3,183.85,84.75,1046.35,6.01,169.45,6.46,657.15,142.4,66.6,399.35,1701.25,5.58,34.15
340.95,970.65,268.15,139.3,1023.75,208.7,5129.75,125.6,46.55,287.7,663.35,6818.45,127.7,82698.3,71.85,1398.6,3298.1,186.6,90.7,1058.45,6.14,170.4,6.69,661.2,145.3,67.35,408.0,1715.8,5.71,35.0
342.4,965.9,251.95,137.1,1012.5,206.7,5138.75,128.7,46.05,294.0,659.3,6652.0,128.65,81080.5,72.3,1361.5,3292.45,190.2,92.8,1061.65,6.05,169.0,6.71,663.05,146.25,68.75,422.6,1681.2,5.47,33.9
339.9,966.2,257.1,149.3,1010.6,207.95,5142.35,128.0,46.15,298.8,671.1,6649.65,127.8,81326.5,73.2,1352.55,3367.6,192.65,91.4,1138.05,6.07,170.65,6.65,659.85,145.55,68.2,413.75,1676.3,5.5,33.25
331.25,940.1,267.55,139.9,1000.2,205.6,5090.8,123.35,44.05,293.25,663.7,6517.4,124.65,79291.15,70.8,1362.6,3380.9,188.8,89.2,1120.9,5.91,167.0,6.33,643.5,142.3,66.95,394.8,1653.05,5.42,32.5
329.6,968.6,294.3,140.3,1002.5,203.55,5148.65,124.25,44.2,287.9,679.4,6644.8,124.5,79362.85,70.85,1350.7,3298.4,190.55,88.9,1116.1,5.95,167.8,6.64,634.15,141.3,67.0,395.15,1642.05,5.5,32.35
336.6,960.55,323.7,136.7,1004.95,205.85,5111.0,126.05,44.7,289.05,665.55,6650.4,125.05,78332.15,70.8,1351.05,3281.35,192.95,94.0,1135.6,6.05,166.45,6.42,642.35,140.15,69.65,392.0,1604.35,5.39,33.4
336.45,956.6,351.85,138.25,1005.75,205.35,5127.8,126.95,45.35,294.7,664.45,6674.9,126.2,78254.55,70.95,1333.85,3263.95,193.55,93.05,1138.0,6.3,167.05,6.74,706.55,142.2,69.15,396.0,1621.05,5.4,32.65
344.35,954.5,369.4,138.6,1000.5,205.3,5335.05,129.3,46.1,307.65,669.8,6640.6,126.95,77868.4,71.5,1343.65,3307.2,193.65,100.5,1102.5,6.38,166.8,7.07,693.85,151.95,71.7,397.5,1615.75,5.33,39.1
352.9,949.9,387.85,152.45,1027.4,205.65,5438.05,129.2,48.3,308.05,674.8,6558.2,127.55,78036.6,73.2,1348.2,3401.2,193.45,100.15,1110.75,6.38,169.05,7.05,695.9,150.6,72.9,398.95,1672.55,5.39,35.85
363.3,964.9,368.5,157.95,1018.2,205.55,5379.65,128.75,48.15,304.6,677.3,6571.1,128.5,78093.3,73.6,1355.85,3571.15,195.65,103.5,1150.35,6.38,174.65,6.99,702.85,150.2,78.0,409.65,1751.7,5.34,36.35
359.25,948.5,350.1,158.15,1011.35,204.35,5280.3,129.85,47.2,305.45,671.55,6567.9,128.0,77712.6,72.85,1355.55,3469.95,195.55,112.4,1148.85,6.31,172.7,6.9,699.15,153.0,75.9,411.15,1746.15,5.36,35.65
353.45,956.3,332.6,154.85,990.85,202.7,5331.0,131.8,48.3,314.85,671.8,6459.8,133.15,80721.45,72.85,1353.9,3483.45,185.15,119.45,1148.35,6.47,183.2,6.75,681.55,155.65,80.5,418.0,1717.5,5.35,36.6
350.45,952.55,333.6,154.65,1003.45,200.95,5282.35,130.2,53.4,329.7,677.1,6598.3,132.2,79871.7,72.7,1351.8,3479.35,184.4,127.75,1189.1,6.28,176.0,6.81,690.4,155.15,85.95,423.55,1712.0,5.34,41.5
351.6,953.7,335.1,151.8,984.75,199.55,5384.2,132.8,52.45,344.5,644.95,6508.1,132.8,78648.1,73.9,1329.55,3474.8,182.0,127.95,1147.8,6.53,175.15,6.62,678.85,153.8,89.25,417.6,1688.3,5.38,43.05
355.35,968.6,320.2,151.3,997.95,201.55,5340.4,137.9,56.6,402.4,649.4,6591.9,133.0,78241.6,74.15,1341.6,3543.55,182.7,130.2,1150.8,6.81,173.5,6.68,682.3,154.8,90.6,419.9,1681.35,5.37,42.45
355.5,957.85,336.2,156.4,1006.55,202.75,5338.4,142.4,58.0,388.2,653.4,6665.9,134.6,77920.95,73.5,1361.15,3490.9,186.05,133.65,1117.25,7.49,172.85,6.64,676.3,154.4,87.1,419.2,1675.15,5.42,41.2
358.2,959.95,353.0,172.0,1000.95,205.35,5314.65,137.9,57.85,381.45,629.0,6702.9,136.8,77465.05,74.9,1352.4,3566.45,183.7,144.25,1115.4,8.23,172.0,6.79,674.55,152.05,91.7,412.2,1663.85,5.73,41.0
361.8,968.6,370.65,189.2,1005.15,205.55,5393.3,144.8,65.7,393.0,633.1,6757.35,147.15,78400.25,78.25,1339.5,3655.3,184.1,146.25,1138.95,8.11,173.85,6.71,737.75,152.4,98.7,416.1,1680.6,5.92,42.55
364.45,1000.6,359.75,185.65,1029.6,204.05,5468.75,148.65,73.35,391.25,641.85,6738.95,155.55,78629.4,81.9,1330.7,3767.8,186.25,140.5,1176.25,8.17,174.3,6.72,759.7,152.05,102.0,433.45,1661.15,6.48,42.85
367.85,1007.85,375.2,175.75,1008.05,203.3,5485.8,146.7,71.35,378.1,639.7,6820.4,153.5,77333.8,78.8,1326.95,3695.3,184.35,132.2,1155.55,8.57,175.0,6.92,738.75,150.55,97.05,484.2,1668.5,6.21,43.2
360.5,983.2,380.5,171.05,996.15,212.35,5413.75,143.35,68.0,398.3,645.05,6738.15,146.65,76161.8,78.55,1316.8,3694.45,189.55,127.2,1116.55,8.57,173.3,7.26,742.0,147.75,92.95,465.95,1662.0,6.09,41.75
383.4,1001.95,384.9,170.15,1031.35,212.55,5390.3,148.1,71.2,409.45,653.7,6723.5,148.25,78198.95,82.0,1329.15,3523.9,227.45,130.55,1119.6,8.99,176.75,7.62,776.7,148.95,99.55,453.6,1668.9,6.35,41.35
382.35,1007.95,373.4,178.8,1071.65,210.05,5263.0,154.6,71.75,400.2,652.9,6810.75,146.45,79241.15,80.95,1339.95,3539.55,218.25,131.9,1144.9,9.43,187.25,8.0,811.75,150.85,99.35,460.65,1665.5,6.36,41.3
384.25,1013.9,374.2,174.9,1073.65,207.75,5343.0,155.05,73.7,402.55,654.4,6775.6,151.9,79645.65,83.2,1336.55,3539.75,222.7,128.55,1140.8,9.9,189.3,8.27,844.6,149.55,100.45,453.9,1732.5,6.42,43.4
384.55,1012.6,380.25,171.0,1072.65,207.0,5390.05,156.8,72.5,399.55,644.55,6737.55,146.7,81434.25,80.95,1339.45,3621.15,220.45,121.5,1143.45,10.32,190.0,8.22,929.05,148.75,98.3,455.55,1728.6,6.36,42.2
401.1,1025.75,372.15,168.95,1027.85,209.05,5406.2,157.55,72.2,403.35,649.25,6811.65,147.2,82192.7,80.9,1354.7,3655.3,226.95,122.05,1132.95,9.81,188.5,7.83,1021.95,165.25,101.8,483.2,1754.2,6.39,42.8
412.05,1014.5,386.8,170.7,1015.75,211.5,5309.1,156.8,72.45,409.45,639.75,6885.9,148.9,82582.5,81.75,1348.15,3711.8,236.2,124.75,1138.4,9.32,187.85,7.61,1073.0,170.35,99.65,500.3,1821.05,6.35,43.2
412.25,1026.75,406.1,169.2,994.7,210.85,5264.45,149.2,74.5,407.8,650.15,6909.75,147.5,82179.35,84.15,1361.9,3595.5,233.8,123.95,1128.4,9.78,185.25,7.53,1126.65,170.5,104.4,478.1,1818.9,6.65,42.45
413.55,1035.6,426.4,168.75,996.45,210.55,5305.7,149.85,72.5,411.5,641.7,7028.45,145.7,81630.85,85.15,1397.35,3509.7,231.55,118.75,1091.55,10.1,186.95,7.88,1073.55,165.75,101.6,471.9,1771.65,7.31,42.3
425.3,1034.2,439.2,171.45,1020.05,211.2,5287.65,148.0,73.3,410.9,649.05,6964.15,144.55,82831.4,86.45,1404.65,3483.45,229.5,122.3,1097.65,9.63,186.65,8.14,1019.9,165.05,100.6,476.95,1782.4,8.04,43.0
422.05,1029.0,428.45,173.9,1017.6,212.85,5275.9,144.8,71.85,414.7,654.8,6955.95,146.85,83349.0,84.3,1404.8,3523.2,223.9,120.95,1083.65,9.45,192.7,8.18,1070.85,156.15,98.1,471.7,1835.95,8.44,41.0
424.25,1020.15,409.85,170.15,1030.8,216.6,5299.3,145.35,71.05,411.2,663.7,7087.35,147.8,83632.45,84.95,1393.65,3475.6,227.45,126.55,1054.2,9.88,193.65,8.25,1087.6,158.0,97.8,471.2,1785.3,8.86,36.7
432.6,1031.0,414.8,162.5,1029.2,215.2,5250.2,146.9,71.1,424.55,665.55,7091.05,147.6,83207.1,83.15,1387.4,3510.8,222.45,121.2,1058.25,9.39,190.45,7.96,1051.5,159.85,95.75,479.65,1799.8,9.3,34.75
437.2,1036.5,415.3,162.65,1046.35,209.0,5302.3,150.35,72.2,429.65,673.3,7183.1,149.0,84391.6,85.2,1379.75,3526.0,228.0,121.85,1067.2,9.61,186.8,7.85,1083.35,161.3,96.1,485.15,1950.6,9.76,37.25
439.65,1048.7,401.05,161.85,1072.8,209.1,5297.35,151.2,72.3,431.15,679.85,7207.45,149.1,84459.3,84.95,1389.5,3536.15,227.7,122.35,1068.45,9.85,188.0,7.92,1137.5,162.3,97.7,493.55,2026.6,10.24,37.15
433.6,1063.25,391.95,159.05,1056.4,208.8,5303.25,152.7,73.9,423.8,686.7,7213.95,153.1,84929.5,84.25,1385.2,3512.15,230.05,122.95,1061.85,9.78,192.35,7.95,1194.35,164.6,98.25,504.1,2250.5,10.75,38.05
432.4,1065.0,394.55,161.25,1050.4,211.45,5309.05,153.35,77.0,416.35,700.0,7279.3,156.2,82391.75,88.2,1389.6,3554.75,234.8,123.0,1056.6,9.83,198.6,8.07,1254.05,168.7,98.65,509.5,2406.05,11.28,38.55
427.15,1069.5,382.55,157.9,1038.55,213.65,5297.6,152.9,75.75,414.75,709.9,7335.7,155.95,81351.5,87.85,1412.95,3576.65,237.1,121.4,1053.75,9.69,197.95,8.02,1316.75,167.2,104.5,514.65,2374.1,11.84,37.85
421.45,1047.05,367.95,159.5,1027.25,212.4,5280.15,150.7,74.8,413.65,702.65,7240.0,156.3,80213.85,83.75,1414.7,3503.6,237.5,124.45,1054.4,10.07,191.55,7.92,1251.35,164.6,102.1,500.55,2353.7,12.43,37.15
432.25,1040.75,377.4,160.05,1023.3,209.4,5348.05,151.95,75.8,409.95,707.45,7199.15,156.5,82191.5,84.5,1424.55,3542.5,252.2,128.55,1055.0,10.54,193.9,8.71,1238.85,166.05,103.95,517.35,2394.9,13.05,37.5
429.55,1045.65,396.7,169.35,1017.35,207.95,5474.1,154.0,76.2,399.95,715.3,7220.7,162.65,82143.55,83.95,1446.75,3692.85,247.55,135.05,1051.25,10.37,196.15,9.01,1242.35,169.3,103.65,539.9,2527.85,13.7,36.85
430.35,1051.45,395.3,166.95,1019.55,207.25,5593.7,151.75,67.35,401.4,714.65,7176.8,159.3,82496.15,83.85,1461.4,3672.9,248.0,137.25,1047.75,10.88,194.85,8.81,1264.15,168.65,103.75,544.9,2579.25,14.38,37.15
429.5,1042.7,389.95,162.55,1017.8,207.1,5714.35,150.65,69.65,403.8,718.85,7168.45,157.1,82848.6,84.1,1472.85,3748.45,254.8,137.25,1049.8,11.42,197.0,8.81,1250.05,173.45,103.95,540.65,2591.3,15.09,37.3
425.95,1029.85,386.2,157.15,1007.25,207.85,5639.25,149.7,66.95,410.6,735.85,7112.65,155.45,82524.0,83.6,1480.3,3699.0,252.0,131.25,1044.8,11.09,194.85,8.7,1196.1,185.4,108.05,537.95,2535.5,15.73,37.2
420.2,1027.15,376.3,152.75,997.35,205.5,5672.25,146.15,65.5,404.2,745.1,6968.75,152.05,82681.45,82.5,1497.05,3580.5,248.8,128.3,1015.3,10.54,198.05,8.58,1208.55,185.95,105.55,539.15,2410.65,16.51,40.05
412.8,1013.95,370.45,143.9,997.15,204.6,5577.3,146.25,64.3,403.75,739.6,6958.7,146.55,82692.05,81.05,1504.5,3536.75,242.65,124.0,994.3,10.27,192.65,8.38,1206.6,184.85,105.5,646.95,2358.25,17.33,40.35
419.55,1007.75,365.4,149.2,982.95,204.55,5564.0,149.2,67.8,400.6,742.85,6901.5,147.5,81761.35,80.9,1500.35,3595.7,270.1,126.9,998.05,10.78,190.3,8.45,1184.6,185.95,103.8,613.65,2476.15,18.19,41.0
418.75,1001.95,383.5,152.6,999.15,205.05,5552.35,151.35,66.75,401.75,756.5,7263.75,148.65,81803.9,81.9,1511.7,3557.75,276.85,127.25,1020.8,10.55,191.1,8.2,1179.6,187.55,104.95,610.55,2599.95,19.09,40.5
418.9,1021.05,375.45,152.5,998.15,204.05,5549.8,168.35,66.05,401.55,757.8,7432.95,148.45,81973.95,81.55,1502.85,3584.2,268.35,124.1,1040.35,10.17,188.9,8.09,1159.9,185.7,105.7,584.7,2586.4,18.42,40.7
417.1,1019.3,373.3,149.1,991.15,203.35,5623.45,171.05,64.7,394.6,757.15,7529.6,146.5,80971.75,80.85,1559.15,3596.95,271.2,125.0,1036.55,10.0,191.0,8.89,1118.4,197.7,103.7,582.25,2466.8,17.5,40.0
428.75,1036.6,379.5,154.15,999.1,205.05,5602.85,175.0,65.25,382.85,757.75,7643.7,148.7,80515.25,80.85,1574.45,3632.2,268.15,131.4,1042.8,10.5,190.45,8.81,1083.55,192.4,103.0,578.4,2440.8,16.63,39.95
426.65,1041.8,377.3,148.25,992.45,203.65,5649.25,173.85,66.3,385.0,766.3,7593.85,147.2,80544.75,80.75,1571.55,3591.05,271.9,133.2,1035.0,11.02,185.05,8.67,1137.7,163.4,102.6,576.25,2319.75,15.8,39.55
421.5,1036.45,374.65,146.25,979.25,203.35,5700.85,174.7,64.9,385.9,757.95,7484.65,144.55,80204.05,80.55,1562.6,3573.05,269.7,130.35,1028.7,11.57,186.1,8.98,1194.55,161.45,104.75,562.4,2378.05,16.59,37.95
419.25,1021.35,368.95,144.15,979.95,202.75,5785.6,178.0,65.8,388.75,753.8,7513.8,146.6,80057.4,79.6,1581.25,3650.3,270.4,130.6,1027.6,12.14,187.7,9.39,1160.55,157.85,104.9,562.55,2403.15,15.77,37.75
420.4,1014.95,372.8,142.95,988.8,203.0,5722.6,184.7,64.9,388.9,755.35,7585.9,145.65,80987.5,79.0,1560.45,3631.3,284.7,127.0,1044.2,12.74,187.3,9.13,1114.8,161.35,102.65,607.55,2453.5,15.0,37.75
424.55,1067.1,377.4,140.8,985.5,202.4,5671.7,180.55,65.9,383.95,764.35,7569.8,147.6,81150.95,79.1,1567.4,3622.6,287.95,124.35,1048.2,13.37,187.25,8.91,1103.6,160.9,105.5,597.1,2534.85,15.75,38.2
432.7,1061.85,397.35,147.75,1022.25,203.6,5637.85,179.2,65.95,378.45,766.5,7597.6,149.85,80857.25,80.5,1579.1,3596.85,298.05,125.55,1050.45,14.03,188.05,9.26,1111.7,161.15,105.1,624.0,2500.05,16.5,37.75
429.65,1100.95,387.0,145.25,1020.75,202.55,5674.1,180.95,64.45,379.55,763.65,7511.85,147.55,80425.05,79.35,1562.5,3737.9,291.1,123.1,1050.75,13.33,195.7,9.06,1090.0,158.85,104.05,609.7,2400.65,17.3,43.2
432.55,1097.95,378.6,148.15,1021.1,203.7,5670.5,182.85,67.85,378.0,763.65,7451.35,147.5,80749.55,78.85,1563.8,3724.2,294.1,128.1,1052.2,12.76,196.55,8.79,1074.65,159.15,109.4,611.85,2404.0,18.15,43.9
424.4,1148.5,374.5,145.9,1028.8,202.05,5590.2,180.75,67.0,371.65,762.85,7400.9,146.25,80419.55,79.85,1560.5,3769.75,287.7,122.9,1046.55,12.93,196.2,8.83,1054.35,158.55,119.0,606.9,2435.65,19.05,47.45
423.6,1117.55,376.65,146.2,1022.85,201.4,5592.9,180.85,66.45,369.15,764.9,7425.15,146.7,79980.25,79.2,1562.75,3948.8,283.9,125.05,1037.45,13.05,193.3,8.75,1107.05,158.1,120.45,607.8,2557.4,20.0,46.75
427.5,1111.95,375.2,145.0,1042.3,201.15,5644.15,183.85,66.6,371.6,775.9,7471.15,146.4,80191.45,79.1,1547.95,3902.0,287.75,124.85,1027.9,13.37,197.5,8.92,1084.55,159.2,120.5,627.15,2685.25,21.0,47.3
429.15,1096.0,373.2,144.6,1032.55,201.85,5684.55,181.5,66.4,369.7,772.35,7426.65,148.15,83134.85,77.95,1544.9,4019.5,307.1,125.35,1037.65,12.76,231.7,8.8,1138.75,160.0,119.5,622.7,2719.7,22.05,46.2
430.95,1107.35,369.95,143.15,1022.95,204.15,5826.35,184.1,65.85,379.05,768.2,7328.25,148.1,82800.1,77.0,1576.9,4158.85,313.15,124.55,1048.3,13.01,221.25,8.63,1127.85,165.7,117.8,615.75,2826.95,23.15,45.45
431.65,1096.9,365.25,143.35,1039.85,206.2,5917.55,179.9,64.95,385.1,772.25,7307.05,146.75,81526.5,77.8,1580.3,4095.25,308.85,126.15,1041.95,12.84,222.5,8.51,1111.95,163.35,113.85,597.4,2968.25,24.3,44.15
430.2,1075.8,358.8,142.35,1077.9,207.9,5953.7,179.65,66.3,380.8,763.2,7303.65,145.6,82384.25,77.5,1555.0,4018.1,308.45,127.2,1032.3,12.67,218.5,8.32,1122.5,164.3,112.95,591.05,3116.65,25.5,43.5
427.7,1081.65,351.2,140.25,1088.35,207.8,5876.8,186.05,64.0,382.35,765.85,7165.95,144.5,82222.4,77.15,1541.8,4067.65,300.35,126.65,1037.8,12.6,223.0,8.33,1116.9,163.05,113.55,591.7,3106.1,26.75,44.75
420.8,1067.15,342.05,136.8,1103.4,206.8,5901.1,181.15,63.2,364.4,757.1,7233.25,142.9,81617.25,75.85,1549.7,3960.0,293.55,122.8,1053.55,12.25,216.5,8.07,1111.9,158.8,109.95,579.75,3004.35,28.05,42.55
422.0,1109.1,358.45,138.0,1151.45,207.05,5895.95,184.4,64.55,363.85,764.85,7295.8,144.65,81531.35,75.95,1590.2,4047.2,295.9,126.2,1066.4,12.86,213.15,8.01,1102.1,158.8,114.25,583.0,2967.6,26.65,41.25
429.15,1103.55,353.75,144.4,1143.85,212.35,5780.9,182.6,63.95,362.4,775.2,7290.2,144.1,81141.9,74.9,1590.35,4013.1,292.2,126.55,1121.6,13.41,211.5,7.9,1090.55,164.75,123.0,602.3,2914.05,25.35,40.8
423.3,1103.5,336.1,148.55,1162.3,211.1,5848.9,184.55,62.7,370.05,776.35,7235.6,144.0,80876.0,75.85,1604.05,4136.7,293.7,129.65,1142.8,12.74,212.95,8.06,1075.95,161.3,121.7,597.35,2942.45,26.6,41.25
429.45,1099.9,321.55,152.75,1159.65,208.65,5774.75,183.35,61.5,369.25,769.75,7241.45,142.5,80141.2,75.2,1602.6,4164.4,293.3,129.75,1126.4,12.11,211.6,8.86,1101.15,161.95,139.45,591.05,2916.6,27.9,40.4
425.45,1095.2,299.6,149.15,1157.65,209.15,5845.25,189.95,60.3,359.4,754.95,7150.2,144.0,79929.6,73.8,1605.3,4374.1,293.4,134.0,1118.5,11.6,207.85,8.45,1093.95,161.2,135.95,583.05,3017.85,29.25,41.9
441.75,1099.5,328.45,152.65,1176.4,206.0,5780.95,188.6,60.2,343.0,751.3,6991.9,142.15,79660.8,74.7,1616.85,4384.3,296.65,142.0,1142.7,12.18,214.5,8.42,1079.35,164.0,126.6,604.3,2933.0,30.7,41.0
431.7,1116.55,320.75,153.7,1174.05,205.0,5783.55,184.7,59.45,339.6,756.1,6978.7,143.25,79911.75,75.0,1610.25,4315.75,302.9,142.0,1152.9,11.84,216.55,8.46,1103.55,171.05,128.25,603.2,2993.45,32.2,40.0
434.85,1098.75,313.75,153.0,1185.95,207.25,5777.65,183.8,59.85,344.3,759.65,7075.3,143.85,80399.2,74.75,1631.35,4288.75,304.45,139.45,1148.15,11.74,220.4,8.59,1103.3,172.05,127.6,606.05,3014.7,33.8,40.4
446.45,1100.6,315.3,149.45,1230.9,209.8,5882.1,182.2,59.1,340.7,767.35,7196.3,144.25,81017.35,74.9,1654.1,4281.6,305.2,138.95,1154.75,11.75,216.95,8.35,1093.9,174.1,124.4,596.9,2996.35,35.45,40.45
457.05,1079.8,346.8,146.05,1234.2,208.6,6011.5,175.4,58.0,329.9,758.8,7101.95,144.65,80469.2,73.9,1649.15,4285.6,306.1,137.65,1128.2,11.99,210.35,7.93,1115.55,168.3,126.3,593.65,2916.9,36.15,39.3
441.85,1079.5,356.4,144.05,1215.95,215.15,5888.85,176.7,57.2,324.95,769.25,7026.5,145.35,79750.45,73.95,1654.85,4406.8,301.1,143.05,1134.35,11.91,209.9,7.95,1096.5,167.4,124.35,592.6,2896.45,34.35,40.9
435.65,1080.05,347.15,144.5,1232.6,214.35,5806.15,175.4,57.55,317.7,780.5,7102.2,146.3,79160.05,73.95,1650.35,4417.45,298.95,141.05,1136.6,11.82,217.7,8.57,1098.15,165.05,125.95,598.4,2940.0,36.05,42.9
433.4,1086.05,333.25,137.85,1236.05,213.75,5945.15,171.2,55.95,318.65,766.15,7081.6,143.3,80013.9,74.7,1663.0,4456.75,245.95,134.15,1126.25,11.35,208.75,8.95,1083.5,162.55,121.55,620.85,3081.8,34.25,43.65
426.4,1104.35,320.0,129.1,1223.05,209.8,5930.7,169.25,54.6,310.15,771.95,7001.4,142.25,78830.0,73.2,1676.35,4513.7,228.6,127.2,1100.8,10.81,199.85,8.19,1060.45,155.1,114.15,620.3,3235.85,32.55,41.5
428.0,1094.2,322.4,128.8,1238.0,208.65,5864.15,172.15,54.5,304.8,765.3,7023.85,143.9,77586.9,72.75,1677.45,4441.85,224.7,134.8,1061.4,10.42,197.8,8.88,1054.05,152.8,110.25,606.75,3397.6,33.15,41.0
427.1,1103.2,327.9,133.35,1231.8,208.9,5873.7,173.85,55.8,312.9,773.9,7010.0,144.35,78212.55,72.0,1690.5,4667.7,235.5,134.95,1047.65,10.92,199.4,8.6,1103.0,160.95,119.05,612.55,3483.2,31.5,41.25
431.35,1089.05,329.5,132.3,1243.25,211.3,6090.9,174.45,55.6,312.05,807.55,6999.1,143.8,78818.6,70.85,1712.5,4610.4,234.35,134.0,1053.2,10.72,210.5,8.4,1122.45,165.2,117.4,600.35,3309.05,29.95,41.6
424.85,1067.95,320.2,135.3,1226.1,210.9,5865.15,174.35,54.2,309.5,802.1,6828.8,142.0,78657.15,70.9,1704.75,4620.6,223.8,134.5,1047.9,10.41,205.55,8.14,1126.5,183.35,110.3,584.15,3171.3,28.5,40.55
421.35,1067.6,316.25,130.3,1223.95,209.2,5780.45,175.95,52.7,308.8,832.7,6888.2,139.2,78711.8,71.7,1741.45,4600.85,218.5,130.05,1038.85,10.39,202.45,8.15,1101.85,192.1,111.85,564.45,3161.0,27.1,41.35
419.85,1119.3,314.5,128.5,1233.95,208.95,5732.9,174.05,54.45,301.95,841.6,6841.35,138.45,79353.6,71.2,1733.35,4523.95,223.1,128.4,1038.4,10.13,199.95,8.0,1112.0,187.55,109.55,569.15,3042.85,25.75,41.75
406.95,1126.1,305.8,119.7,1235.85,209.05,5579.45,171.15,51.65,297.1,847.85,6847.55,135.45,78114.0,70.1,1732.15,4434.95,217.25,119.1,1036.85,9.66,194.75,7.86,1107.6,179.5,105.25,533.5,2962.6,24.5,39.7
409.3,1114.0,290.55,110.6,1259.75,206.35,5472.2,175.2,51.45,293.85,832.4,6826.75,134.0,76183.2,67.9,1739.2,4415.6,216.95,115.2,1079.5,9.18,186.6,7.61,1067.5,188.4,99.45,506.3,2814.5,25.7,38.55
417.55,1162.05,294.7,114.35,1266.1,205.7,5464.35,177.6,53.25,302.2,836.8,6808.4,136.25,77153.7,68.05,1720.75,4581.6,224.9,119.2,1142.45,8.78,194.5,7.69,1097.5,188.1,103.55,531.0,2884.25,26.95,40.35
416.2,1248.25,310.55,116.95,1204.2,206.4,5368.15,179.95,53.05,338.55,835.7,6715.8,138.85,77066.4,69.6,1737.2,4722.3,221.65,119.3,1173.75,8.83,192.4,7.73,1095.65,192.1,108.2,538.75,2843.45,27.95,39.7
410.8,1288.75,305.4,115.2,1215.85,204.7,5289.35,181.3,52.0,347.05,852.9,6609.05,137.35,76543.8,69.5,1726.95,4740.4,219.6,115.3,1174.65,9.01,191.45,7.8,1093.2,197.1,109.1,550.05,2768.5,26.6,39.45
412.35,1381.1,294.05,115.7,1235.9,205.9,5296.9,185.25,54.15,335.25,847.45,6605.8,138.6,76928.9,70.6,1708.45,4766.15,221.0,118.2,1179.95,9.01,202.7,7.7,1086.1,212.5,107.45,535.95,2792.1,25.3,40.45
